{
  "deepseek-gpt5_1": 0.26785714285714285,
  "deepseek-gpt5_2": 0.3090909090909091,
  "deepseek-haiku": 0.2909090909090909,
  "deepseek-opus": 0.2545454545454545,
  "deepseek-sonnet": 0.32075471698113206,
  "gpt5_1-gpt5_2": 0.30357142857142855,
  "gpt5_1-haiku": 0.3090909090909091,
  "gpt5_1-opus": 0.2962962962962963,
  "gpt5_1-sonnet": 0.24561403508771928,
  "gpt5_2-haiku": 0.25862068965517243,
  "gpt5_2-opus": 0.22413793103448276,
  "gpt5_2-sonnet": 0.2857142857142857,
  "haiku-opus": 0.32075471698113206,
  "haiku-sonnet": 0.2909090909090909,
  "opus-sonnet": 0.2777777777777778
}