{
  "n2": {
    "deepseek-gpt5_1": 0.05137614678899083,
    "deepseek-gpt5_2": 0.04742268041237113,
    "deepseek-haiku": 0.05466970387243736,
    "deepseek-opus": 0.046357615894039736,
    "deepseek-sonnet": 0.06206896551724138,
    "gpt5_1-gpt5_2": 0.04325259515570934,
    "gpt5_1-haiku": 0.058823529411764705,
    "gpt5_1-opus": 0.04595588235294118,
    "gpt5_1-sonnet": 0.0450281425891182,
    "gpt5_2-haiku": 0.06479481641468683,
    "gpt5_2-opus": 0.061052631578947365,
    "gpt5_2-sonnet": 0.05353319057815846,
    "haiku-opus": 0.06496519721577726,
    "haiku-sonnet": 0.07194244604316546,
    "opus-sonnet": 0.14786967418546365
  },
  "n3": {
    "deepseek-gpt5_1": 0.019064124783362217,
    "deepseek-gpt5_2": 0.015594541910331383,
    "deepseek-haiku": 0.017167381974248927,
    "deepseek-opus": 0.0125,
    "deepseek-sonnet": 0.02145922746781116,
    "gpt5_1-gpt5_2": 0.018032786885245903,
    "gpt5_1-haiku": 0.026833631484794274,
    "gpt5_1-opus": 0.012089810017271158,
    "gpt5_1-sonnet": 0.010526315789473684,
    "gpt5_2-haiku": 0.03469387755102041,
    "gpt5_2-opus": 0.019646365422396856,
    "gpt5_2-sonnet": 0.02004008016032064,
    "haiku-opus": 0.02608695652173913,
    "haiku-sonnet": 0.028953229398663696,
    "opus-sonnet": 0.06040268456375839
  },
  "n4": {
    "deepseek-gpt5_1": 0.010291595197255575,
    "deepseek-gpt5_2": 0.009689922480620155,
    "deepseek-haiku": 0.00851063829787234,
    "deepseek-opus": 0.006211180124223602,
    "deepseek-sonnet": 0.00847457627118644,
    "gpt5_1-gpt5_2": 0.013029315960912053,
    "gpt5_1-haiku": 0.017699115044247787,
    "gpt5_1-opus": 0.00686106346483705,
    "gpt5_1-sonnet": 0.005226480836236934,
    "gpt5_2-haiku": 0.024242424242424242,
    "gpt5_2-opus": 0.011695906432748537,
    "gpt5_2-sonnet": 0.013944223107569721,
    "haiku-opus": 0.017241379310344827,
    "haiku-sonnet": 0.015384615384615385,
    "opus-sonnet": 0.028199566160520606
  },
  "n5": {
    "deepseek-gpt5_1": 0.005119453924914676,
    "deepseek-gpt5_2": 0.003861003861003861,
    "deepseek-haiku": 0.0021141649048625794,
    "deepseek-opus": 0.002066115702479339,
    "deepseek-sonnet": 0.004219409282700422,
    "gpt5_1-gpt5_2": 0.008116883116883116,
    "gpt5_1-haiku": 0.01054481546572935,
    "gpt5_1-opus": 0.003424657534246575,
    "gpt5_1-sonnet": 0.001736111111111111,
    "gpt5_2-haiku": 0.018108651911468814,
    "gpt5_2-opus": 0.005836575875486381,
    "gpt5_2-sonnet": 0.007936507936507936,
    "haiku-opus": 0.01072961373390558,
    "haiku-sonnet": 0.008733624454148471,
    "opus-sonnet": 0.010683760683760684
  }
}